firstname, lastname, 
"Brad","Allen","b.allen@randatmail.com","918-8303-51"
"Eddy","Hall","e.hall@randatmail.com","423-6949-45"
"Cherry","Lloyd","c.lloyd@randatmail.com","854-1420-16"
"Frederick","Alexander","f.alexander@randatmail.com","519-5097-93"
"Blake","Hill","b.hill@randatmail.com","702-0114-97"
"Grace","Williams","g.williams@randatmail.com","295-1474-92"
"Oliver","Dixon","o.dixon@randatmail.com","575-4947-03"
"Fiona","Holmes","f.holmes@randatmail.com","402-7528-20"
"Mary","Ellis","m.ellis@randatmail.com","234-1038-89"
"Alen","Harper","a.harper@randatmail.com","079-0660-30"
"Patrick","Richards","p.richards@randatmail.com","737-9849-13"
"Brianna","Wright","b.wright@randatmail.com","255-4083-82"
"Andrew","Wells","a.wells@randatmail.com","711-2627-96"
"Chester","Bennett","c.bennett@randatmail.com","876-7821-47"
"Luke","Cameron","l.cameron@randatmail.com","814-4842-49"
"Aiden","Wilson","a.wilson@randatmail.com","788-7799-63"
"Kimberly","Gray","k.gray@randatmail.com","708-3555-13"
"Adrian","Jones","a.jones@randatmail.com","743-7575-88"
"Dale","Williams","d.williams@randatmail.com","944-9924-98"
"Amanda","Parker","a.parker@randatmail.com","838-0719-05"
"Daryl","West","d.west@randatmail.com","139-8091-04"
"Ryan","Perkins","r.perkins@randatmail.com","271-0649-44"
"Fenton","Dixon","f.dixon@randatmail.com","098-7765-71"
"Tony","Sullivan","t.sullivan@randatmail.com","067-6533-49"
"David","Richardson","d.richardson@randatmail.com","546-4681-97"
"Dainton","Montgomery","d.montgomery@randatmail.com","036-2566-75"
"Kate","Grant","k.grant@randatmail.com","674-9655-11"
"Hailey","Harrison","h.harrison@randatmail.com","806-7086-87"
"Kelsey","Perry","k.perry@randatmail.com","692-6533-86"
"Kate","Cooper","k.cooper@randatmail.com","681-4915-93"
"Rafael","Owens","r.owens@randatmail.com","736-6314-74"
"George","Richards","g.richards@randatmail.com","776-9032-80"
"Tiana","Wells","t.wells@randatmail.com","224-0021-58"
"Brianna","Hall","b.hall@randatmail.com","936-0700-23"
"Fenton","Morgan","f.morgan@randatmail.com","429-6167-70"
"Miller","Williams","m.williams@randatmail.com","407-6537-96"
"Leonardo","Scott","l.scott@randatmail.com","164-3283-92"
"Vincent","Barnes","v.barnes@randatmail.com","277-1353-63"
"Jack","Brown","j.brown@randatmail.com","148-8275-29"
"Samantha","Fowler","s.fowler@randatmail.com","011-5087-78"
"James","Tucker","j.tucker@randatmail.com","946-2451-41"
"Rafael","Cole","r.cole@randatmail.com","690-0216-31"
"Jenna","Carroll","j.carroll@randatmail.com","500-2466-31"
"Brad","Grant","b.grant@randatmail.com","085-1828-39"
"Dale","Rogers","d.rogers@randatmail.com","324-6125-00"
"Audrey","Robinson","a.robinson@randatmail.com","031-0198-66"
"Michael","Mason","m.mason@randatmail.com","995-1847-98"
"Sam","Watson","s.watson@randatmail.com","925-4627-12"
"Adelaide","Kelley","a.kelley@randatmail.com","563-6113-95"
"Sophia","Stewart","s.stewart@randatmail.com","855-6230-46"
"Rebecca","Roberts","r.roberts@randatmail.com","638-5698-70"
"Belinda","Phillips","b.phillips@randatmail.com","052-2607-72"
"Daryl","Anderson","d.anderson@randatmail.com","370-7608-97"
"Savana","Elliott","s.elliott@randatmail.com","690-8465-15"
"Lily","Wilson","l.wilson@randatmail.com","080-1713-76"
"Anna","Morris","a.morris@randatmail.com","087-2033-78"
"Miley","Richardson","m.richardson@randatmail.com","747-1992-97"
"Haris","Murray","h.murray@randatmail.com","736-1246-43"
"Briony","Spencer","b.spencer@randatmail.com","860-6882-04"
"Jordan","Craig","j.craig@randatmail.com","812-5432-67"
"Freddie","Davis","f.davis@randatmail.com","273-1814-24"
"Julia","Cooper","j.cooper@randatmail.com","978-2340-50"
"Lily","Kelley","l.kelley@randatmail.com","706-6044-26"
"Kirsten","Johnston","k.johnston@randatmail.com","680-2948-10"
"Antony","Davis","a.davis@randatmail.com","836-3751-28"
"Brianna","Andrews","b.andrews@randatmail.com","606-4623-48"
"Tess","Cunningham","t.cunningham@randatmail.com","395-2100-68"
"Dominik","Dixon","d.dixon@randatmail.com","368-9467-80"
"Clark","Mitchell","c.mitchell@randatmail.com","805-8076-49"
"Miley","Fowler","m.fowler@randatmail.com","853-6202-03"
"Kimberly","West","k.west@randatmail.com","524-8934-22"
"Daniel","Casey","d.casey@randatmail.com","765-8722-45"
"Michelle","Stewart","m.stewart@randatmail.com","267-5783-05"
"Arthur","Allen","a.allen@randatmail.com","529-2583-35"
"Joyce","Taylor","j.taylor@randatmail.com","638-0951-72"
"Brianna","Armstrong","b.armstrong@randatmail.com","919-7011-19"
"Lenny","Douglas","l.douglas@randatmail.com","402-0962-40"
"Tara","Payne","t.payne@randatmail.com","086-4652-34"
"Roman","Fowler","r.fowler@randatmail.com","893-2707-15"
"Sabrina","Turner","s.turner@randatmail.com","389-1242-77"
"Isabella","Cole","i.cole@randatmail.com","428-6487-66"
"Adam","Richards","a.richards@randatmail.com","649-4141-54"
"Harold","Thompson","h.thompson@randatmail.com","104-6811-12"
"Jasmine","Brooks","j.brooks@randatmail.com","163-2106-37"
"Brianna","Anderson","b.anderson@randatmail.com","517-8493-47"
"Ryan","Dixon","r.dixon@randatmail.com","246-7684-17"
"Walter","Thompson","w.thompson@randatmail.com","438-1713-27"
"William","Smith","w.smith@randatmail.com","839-2573-73"
"Belinda","Williams","b.williams@randatmail.com","187-1511-00"
"Cherry","Davis","c.davis@randatmail.com","343-5407-13"
"Evelyn","Johnston","e.johnston@randatmail.com","119-9696-78"
"James","Davis","j.davis@randatmail.com","789-6192-19"
"Jordan","Spencer","j.spencer@randatmail.com","331-7234-87"
"Edward","Bennett","e.bennett@randatmail.com","451-8868-08"
"Daryl","Evans","d.evans@randatmail.com","830-4042-93"
"Fiona","Douglas","f.douglas@randatmail.com","303-6507-70"
"Garry","Harper","g.harper@randatmail.com","478-0887-87"
"Dexter","Reed","d.reed@randatmail.com","750-9283-13"
"Ted","Gibson","t.gibson@randatmail.com","486-1161-28"
"Vanessa","Holmes","v.holmes@randatmail.com","493-4599-82"
"Adrianna","Hall","a.hall@randatmail.com","625-5797-79"
"Fenton","Wells","f.wells@randatmail.com","405-3692-41"
"Marcus","Parker","m.parker@randatmail.com","600-7005-13"
"Kate","Richardson","k.richardson@randatmail.com","475-1520-02"
"Kirsten","Ferguson","k.ferguson@randatmail.com","562-9822-42"
"Amelia","Clark","a.clark@randatmail.com","497-2862-07"
"Madaline","Taylor","m.taylor@randatmail.com","201-7651-16"
"Edith","Stevens","e.stevens@randatmail.com","077-5152-09"
"Lana","Chapman","l.chapman@randatmail.com","209-0019-21"
"Lyndon","Crawford","l.crawford@randatmail.com","493-4959-67"
"John","Henderson","j.henderson@randatmail.com","318-1214-25"
"Antony","Turner","a.turner@randatmail.com","112-5273-62"
"Valeria","Andrews","v.andrews@randatmail.com","526-1276-32"
"John","Hall","j.hall@randatmail.com","663-6034-47"
"Dainton","Alexander","d.alexander@randatmail.com","687-1655-45"
"Dexter","Howard","d.howard@randatmail.com","115-6632-74"
"Lenny","Baker","l.baker@randatmail.com","193-8649-50"
"Abigail","Hall","a.hall@randatmail.com","361-9420-02"
"Valeria","Henderson","v.henderson@randatmail.com","457-1518-02"
"Steven","Evans","s.evans@randatmail.com","669-6455-52"
"Michael","Farrell","m.farrell@randatmail.com","341-9640-64"
"Jordan","Grant","j.grant@randatmail.com","592-0767-16"
"Stuart","Higgins","s.higgins@randatmail.com","213-6030-29"
"Fiona","Taylor","f.taylor@randatmail.com","535-2664-90"
"Dominik","Ryan","d.ryan@randatmail.com","008-9535-06"
"Edgar","Thomas","e.thomas@randatmail.com","464-0687-72"
"Alisa","Higgins","a.higgins@randatmail.com","206-2626-59"
"William","Douglas","w.douglas@randatmail.com","713-6240-53"
"Connie","Stevens","c.stevens@randatmail.com","735-0812-68"
"Roland","Mitchell","r.mitchell@randatmail.com","760-7504-33"
"Charlie","Mitchell","c.mitchell@randatmail.com","280-0915-29"
"George","Tucker","g.tucker@randatmail.com","922-6842-37"
"Audrey","Moore","a.moore@randatmail.com","091-8978-97"
"Byron","Payne","b.payne@randatmail.com","388-4329-24"
"Kevin","Perkins","k.perkins@randatmail.com","288-4415-19"
"Michelle","Richards","m.richards@randatmail.com","354-9059-26"
"Leonardo","Harris","l.harris@randatmail.com","083-1124-52"
"Florrie","Kelly","f.kelly@randatmail.com","677-8259-15"
"Edgar","Andrews","e.andrews@randatmail.com","213-5619-23"
"Lyndon","Perry","l.perry@randatmail.com","901-3222-98"
"Jenna","Robinson","j.robinson@randatmail.com","234-6029-07"
"Rosie","Casey","r.casey@randatmail.com","531-5253-76"
"Eddy","Riley","e.riley@randatmail.com","906-6169-65"
"Edgar","Grant","e.grant@randatmail.com","883-0051-09"
"Miranda","Harper","m.harper@randatmail.com","127-2935-53"
"Julia","Roberts","j.roberts@randatmail.com","324-6477-43"
"Nicholas","Hunt","n.hunt@randatmail.com","590-7309-55"
"Sydney","Kelly","s.kelly@randatmail.com","119-4081-37"
"Frederick","Higgins","f.higgins@randatmail.com","271-6212-93"
"Olivia","Stevens","o.stevens@randatmail.com","505-5222-26"
"Edwin","Craig","e.craig@randatmail.com","490-7567-86"
"Mike","Harris","m.harris@randatmail.com","566-2885-38"
"Arthur","Turner","a.turner@randatmail.com","326-1946-00"
"Sienna","Stewart","s.stewart@randatmail.com","984-0780-01"
"Rebecca","Wright","r.wright@randatmail.com","075-2051-30"
"Chester","Smith","c.smith@randatmail.com","608-5294-95"
"Gianna","West","g.west@randatmail.com","046-1198-68"
"Garry","Gray","g.gray@randatmail.com","598-2388-09"
"Mike","Mitchell","m.mitchell@randatmail.com","975-5106-71"
"Bruce","Parker","b.parker@randatmail.com","913-0165-23"
"Brianna","Lloyd","b.lloyd@randatmail.com","175-5068-99"
"Lilianna","Rogers","l.rogers@randatmail.com","039-0731-28"
"Heather","Campbell","h.campbell@randatmail.com","429-3996-47"
"Brianna","Bailey","b.bailey@randatmail.com","435-3843-55"
"Arianna","Kelly","a.kelly@randatmail.com","447-4600-75"
"Alberta","Gibson","a.gibson@randatmail.com","752-0683-28"
"Frederick","Nelson","f.nelson@randatmail.com","705-1152-40"
"Paige","Mitchell","p.mitchell@randatmail.com","389-7132-64"
"Byron","Ryan","b.ryan@randatmail.com","480-6883-15"
"Derek","Perkins","d.perkins@randatmail.com","194-6022-17"
"Nicole","Barnes","n.barnes@randatmail.com","429-7775-68"
"Kelvin","Campbell","k.campbell@randatmail.com","421-8169-75"
"Julia","Hunt","j.hunt@randatmail.com","702-2460-15"
"Caroline","Thomas","c.thomas@randatmail.com","178-6816-53"
"Amber","Harrison","a.harrison@randatmail.com","731-1288-99"
"Sawyer","Campbell","s.campbell@randatmail.com","490-8812-06"
"Sarah","Baker","s.baker@randatmail.com","778-5864-18"
"Sydney","Murphy","s.murphy@randatmail.com","185-9755-89"
"John","Andrews","j.andrews@randatmail.com","832-4565-58"
"Dexter","Wilson","d.wilson@randatmail.com","990-6506-18"
"Aiden","Jones","a.jones@randatmail.com","163-0803-96"
"April","Riley","a.riley@randatmail.com","844-5022-77"
"Paige","Owens","p.owens@randatmail.com","598-2048-02"
"Ted","Scott","t.scott@randatmail.com","752-3829-70"
"Jordan","Mitchell","j.mitchell@randatmail.com","290-1144-83"
"Sydney","Rogers","s.rogers@randatmail.com","287-6044-71"
"Tiana","Myers","t.myers@randatmail.com","354-3824-30"
"Byron","Farrell","b.farrell@randatmail.com","535-5683-27"
"Annabella","Adams","a.adams@randatmail.com","430-4009-73"
"Lyndon","Douglas","l.douglas@randatmail.com","013-3910-38"
"Audrey","Baker","a.baker@randatmail.com","198-5549-46"
"Lucas","Walker","l.walker@randatmail.com","161-3997-96"
"Michelle","Brown","m.brown@randatmail.com","941-9983-17"
"Oscar","Cooper","o.cooper@randatmail.com","967-7504-55"
"James","Kelly","j.kelly@randatmail.com","675-0404-67"
"Daisy","West","d.west@randatmail.com","511-3283-27"
"Marcus","Foster","m.foster@randatmail.com","229-6824-65"
"Adele","Myers","a.myers@randatmail.com","533-2180-22"
"Kellan","Hawkins","k.hawkins@randatmail.com","812-6483-62"
"Justin","Casey","j.casey@randatmail.com","548-6617-01"
"Tony","Turner","t.turner@randatmail.com","431-7017-49"
"Heather","Richardson","h.richardson@randatmail.com","330-6193-34"
"Maddie","Cooper","m.cooper@randatmail.com","562-7376-19"
"Maya","Thomas","m.thomas@randatmail.com","896-2000-83"
"Julia","Myers","j.myers@randatmail.com","139-2595-58"
"Adam","Hill","a.hill@randatmail.com","687-0683-75"
"Heather","Baker","h.baker@randatmail.com","348-9048-74"
"Sienna","Hill","s.hill@randatmail.com","140-0991-84"
"Albert","Perkins","a.perkins@randatmail.com","479-4823-87"
"Maddie","Elliott","m.elliott@randatmail.com","575-1361-23"
"Natalie","Gray","n.gray@randatmail.com","575-5679-93"
"William","Murphy","w.murphy@randatmail.com","070-8986-55"
"Alan","Martin","a.martin@randatmail.com","413-4611-29"
"Julian","Morgan","j.morgan@randatmail.com","603-3578-49"
"Eddy","Roberts","e.roberts@randatmail.com","441-4976-75"
"Emma","Baker","e.baker@randatmail.com","021-1847-81"
"Alexander","Grant","a.grant@randatmail.com","778-5336-72"
"Sofia","Foster","s.foster@randatmail.com","526-6742-82"
"Sophia","Wilson","s.wilson@randatmail.com","375-1540-30"
"Lucia","Phillips","l.phillips@randatmail.com","250-7299-44"
"Preston","Morgan","p.morgan@randatmail.com","482-3058-00"
"James","Thompson","j.thompson@randatmail.com","416-3761-90"
"Kristian","Kelly","k.kelly@randatmail.com","969-7896-36"
"Lucas","Brooks","l.brooks@randatmail.com","259-3934-72"
"Maddie","Reed","m.reed@randatmail.com","750-8344-22"
"Alen","Russell","a.russell@randatmail.com","500-8556-40"
"Florrie","Armstrong","f.armstrong@randatmail.com","319-6341-94"
"Hailey","Henderson","h.henderson@randatmail.com","042-1609-61"
"Paul","Bailey","p.bailey@randatmail.com","865-5367-77"
"Leonardo","Scott","l.scott@randatmail.com","169-7874-50"
"Byron","Wilson","b.wilson@randatmail.com","610-2698-80"
"Alen","Gray","a.gray@randatmail.com","619-6859-18"
"Adam","Stewart","a.stewart@randatmail.com","527-6550-97"
"Anna","Hall","a.hall@randatmail.com","896-9147-36"
"Eric","Higgins","e.higgins@randatmail.com","623-6650-20"
"Sofia","Ferguson","s.ferguson@randatmail.com","847-1655-05"
"Michelle","Henderson","m.henderson@randatmail.com","256-4846-69"
"Charlotte","Wells","c.wells@randatmail.com","199-5271-85"
"Albert","Murray","a.murray@randatmail.com","816-3921-38"
"Derek","Hunt","d.hunt@randatmail.com","588-5620-17"
"Alina","Douglas","a.douglas@randatmail.com","089-1729-44"
"Carl","Evans","c.evans@randatmail.com","896-7929-13"
"Adele","Roberts","a.roberts@randatmail.com","079-3206-78"
"Violet","Williams","v.williams@randatmail.com","052-2172-70"
"Tess","Casey","t.casey@randatmail.com","418-8405-36"
"Aldus","Wells","a.wells@randatmail.com","619-6883-53"
"Sydney","Hawkins","s.hawkins@randatmail.com","675-9453-01"
"Byron","Riley","b.riley@randatmail.com","365-1451-54"
"Vanessa","Barnes","v.barnes@randatmail.com","217-9620-93"
"Sofia","Farrell","s.farrell@randatmail.com","605-5502-49"
"Sam","Richardson","s.richardson@randatmail.com","780-6395-67"
"Ned","Anderson","n.anderson@randatmail.com","226-5358-46"
"Preston","Jones","p.jones@randatmail.com","357-6151-78"
"Kelsey","Fowler","k.fowler@randatmail.com","144-6672-00"
"Carlos","West","c.west@randatmail.com","845-0855-84"
"Alfred","Roberts","a.roberts@randatmail.com","211-7046-53"
"Arianna","Ferguson","a.ferguson@randatmail.com","743-3799-47"
"Jenna","Russell","j.russell@randatmail.com","760-7457-62"
"William","Payne","w.payne@randatmail.com","304-9629-58"
"Myra","Chapman","m.chapman@randatmail.com","240-5682-13"
"Annabella","Mason","a.mason@randatmail.com","738-3491-77"
"Dominik","Sullivan","d.sullivan@randatmail.com","409-5755-30"
"Kristian","Craig","k.craig@randatmail.com","872-9333-92"
"Wilson","Watson","w.watson@randatmail.com","657-0777-59"
"Daryl","Morrison","d.morrison@randatmail.com","659-9233-67"
"Carina","Scott","c.scott@randatmail.com","501-1353-38"
"Cherry","Martin","c.martin@randatmail.com","032-8792-76"
"Amanda","Mitchell","a.mitchell@randatmail.com","508-6398-50"
"Tara","Carroll","t.carroll@randatmail.com","129-9440-47"
"Ted","Edwards","t.edwards@randatmail.com","713-1841-03"
"Sarah","Spencer","s.spencer@randatmail.com","846-9222-38"
"Edward","Johnston","e.johnston@randatmail.com","620-3312-96"
"Rebecca","Higgins","r.higgins@randatmail.com","929-2041-89"
"Maria","Murphy","m.murphy@randatmail.com","853-8616-97"
"Haris","Clark","h.clark@randatmail.com","444-5209-89"
"Chloe","Brown","c.brown@randatmail.com","121-0227-03"
"Sarah","Andrews","s.andrews@randatmail.com","503-0552-91"
"Honey","Turner","h.turner@randatmail.com","265-5639-55"
"Miranda","Turner","m.turner@randatmail.com","772-6938-49"
"Kimberly","Spencer","k.spencer@randatmail.com","242-4071-68"
"Paul","Barrett","p.barrett@randatmail.com","281-2540-60"
"Roland","Harris","r.harris@randatmail.com","669-8740-93"
"Honey","Roberts","h.roberts@randatmail.com","632-8031-13"
"Amber","Mitchell","a.mitchell@randatmail.com","529-6564-99"
"Aston","Douglas","a.douglas@randatmail.com","503-1012-52"
"Eleanor","Nelson","e.nelson@randatmail.com","401-2231-54"
"Kellan","Harris","k.harris@randatmail.com","434-7266-59"
"Emily","Harris","e.harris@randatmail.com","347-9918-16"
"Violet","Harris","v.harris@randatmail.com","899-7644-85"
"Amelia","Armstrong","a.armstrong@randatmail.com","395-0073-26"
"Alford","Douglas","a.douglas@randatmail.com","076-2888-51"
"Darcy","Reed","d.reed@randatmail.com","679-9580-39"
"George","Richards","g.richards@randatmail.com","613-5906-19"
"Paige","Cameron","p.cameron@randatmail.com","751-1198-85"
"Kelvin","Hill","k.hill@randatmail.com","751-6235-95"
"Alfred","Johnson","a.johnson@randatmail.com","272-0250-17"
"Tiana","Wright","t.wright@randatmail.com","815-4597-90"
"Lenny","Perkins","l.perkins@randatmail.com","414-8070-89"
"Maria","Douglas","m.douglas@randatmail.com","577-7065-65"
"Preston","Anderson","p.anderson@randatmail.com","433-1024-66"
"Nicole","Cooper","n.cooper@randatmail.com","697-1788-95"
"Sabrina","Edwards","s.edwards@randatmail.com","215-8580-91"
"Miranda","Ross","m.ross@randatmail.com","607-4712-50"
"Belinda","Harris","b.harris@randatmail.com","802-2226-62"
"Melissa","Armstrong","m.armstrong@randatmail.com","653-9738-24"
"Anna","Russell","a.russell@randatmail.com","606-2458-27"
"Sam","Stevens","s.stevens@randatmail.com","782-0614-73"
"Victor","Kelly","v.kelly@randatmail.com","685-4757-53"
"Ted","Ross","t.ross@randatmail.com","579-0529-24"
"Chester","Reed","c.reed@randatmail.com","238-4866-34"
"Ted","Cooper","t.cooper@randatmail.com","904-1841-52"
"Daryl","Johnson","d.johnson@randatmail.com","859-3995-38"
"Sam","Wright","s.wright@randatmail.com","772-0067-85"
"Thomas","Robinson","t.robinson@randatmail.com","276-8090-07"
"Preston","Cameron","p.cameron@randatmail.com","899-4628-05"
"Owen","Jones","o.jones@randatmail.com","146-0695-29"
"Joyce","Brooks","j.brooks@randatmail.com","418-8520-35"
"David","Anderson","d.anderson@randatmail.com","150-5371-83"
"Bruce","Holmes","b.holmes@randatmail.com","689-1166-88"
"Maria","Ryan","m.ryan@randatmail.com","935-3550-37"
"Amelia","Johnston","a.johnston@randatmail.com","283-2595-55"
"Alissa","Wilson","a.wilson@randatmail.com","810-1191-95"
"Alissa","Ross","a.ross@randatmail.com","195-8916-96"
"Freddie","Smith","f.smith@randatmail.com","051-1679-77"
"Arthur","Cole","a.cole@randatmail.com","129-0676-23"
"Jared","Stevens","j.stevens@randatmail.com","182-2144-30"
"Stella","Ferguson","s.ferguson@randatmail.com","481-6333-15"
"Ryan","Warren","r.warren@randatmail.com","841-7842-69"
"Robert","Grant","r.grant@randatmail.com","676-4740-81"
"Amelia","Tucker","a.tucker@randatmail.com","565-4093-16"
"Catherine","Carroll","c.carroll@randatmail.com","940-6926-42"
"James","Ryan","j.ryan@randatmail.com","500-5027-54"
"Olivia","Allen","o.allen@randatmail.com","459-6977-43"
"Kelsey","Phillips","k.phillips@randatmail.com","425-7489-60"
"Tony","Ellis","t.ellis@randatmail.com","199-8789-67"
"Steven","Martin","s.martin@randatmail.com","437-0615-88"
"Valeria","Phillips","v.phillips@randatmail.com","745-5426-52"
"Alexia","Richardson","a.richardson@randatmail.com","904-3837-30"
"Sophia","Sullivan","s.sullivan@randatmail.com","600-0605-78"
"Lenny","Warren","l.warren@randatmail.com","414-6259-18"
"Haris","Kelly","h.kelly@randatmail.com","582-5667-88"
"Kevin","Wells","k.wells@randatmail.com","010-0670-38"
"Elian","Robinson","e.robinson@randatmail.com","557-5263-08"
"Valeria","Farrell","v.farrell@randatmail.com","995-9515-83"
"Garry","Spencer","g.spencer@randatmail.com","602-1515-71"
"Eleanor","Foster","e.foster@randatmail.com","276-5892-77"
"Eleanor","Hamilton","e.hamilton@randatmail.com","165-3342-31"
"Annabella","Campbell","a.campbell@randatmail.com","687-2386-69"
"Sienna","Foster","s.foster@randatmail.com","993-8395-75"
"Carl","Richardson","c.richardson@randatmail.com","773-2536-38"
"Ned","Carter","n.carter@randatmail.com","963-8359-95"
"Elian","Brown","e.brown@randatmail.com","845-8460-01"
"Alan","Adams","a.adams@randatmail.com","230-4031-54"
"Valeria","Hunt","v.hunt@randatmail.com","313-3988-49"
"Paul","Miller","p.miller@randatmail.com","145-0010-64"
"Isabella","Stewart","i.stewart@randatmail.com","855-2774-23"
"Lily","Martin","l.martin@randatmail.com","628-4426-57"
"Briony","Campbell","b.campbell@randatmail.com","942-1298-81"
"Sam","Cooper","s.cooper@randatmail.com","641-1233-65"
"Kevin","West","k.west@randatmail.com","400-8972-90"
"Arnold","Crawford","a.crawford@randatmail.com","785-8606-73"
"Ted","Wells","t.wells@randatmail.com","737-7064-58"
"John","Adams","j.adams@randatmail.com","756-9371-98"
"Carina","Myers","c.myers@randatmail.com","301-2506-38"
"Kellan","Rogers","k.rogers@randatmail.com","798-3958-38"
"Richard","Cameron","r.cameron@randatmail.com","446-2517-66"
"Anna","Carter","a.carter@randatmail.com","684-8797-10"
"Tiana","Bailey","t.bailey@randatmail.com","256-8226-23"
"Miley","Crawford","m.crawford@randatmail.com","066-4641-36"
"Lucia","Henderson","l.henderson@randatmail.com","716-8646-25"
"Miller","Holmes","m.holmes@randatmail.com","620-6502-12"
"Kirsten","Morgan","k.morgan@randatmail.com","360-3877-82"
"Adam","Davis","a.davis@randatmail.com","946-1440-76"
"Alen","Thomas","a.thomas@randatmail.com","935-4456-01"
"Vivian","Chapman","v.chapman@randatmail.com","322-2441-41"
"Maddie","Phillips","m.phillips@randatmail.com","711-6909-66"
"Kevin","Harrison","k.harrison@randatmail.com","377-3753-54"
"Rubie","Barrett","r.barrett@randatmail.com","486-6316-36"
"Miley","Perkins","m.perkins@randatmail.com","725-6985-82"
"Andrew","Reed","a.reed@randatmail.com","087-4154-69"
"Ellia","Hill","e.hill@randatmail.com","346-0360-34"
"Joyce","Clark","j.clark@randatmail.com","466-3964-73"
"Kimberly","Mitchell","k.mitchell@randatmail.com","293-3425-87"
"Freddie","Anderson","f.anderson@randatmail.com","057-2775-32"
"Adam","Warren","a.warren@randatmail.com","071-6003-56"
"Nicole","Higgins","n.higgins@randatmail.com","481-3118-25"
"Alberta","Gray","a.gray@randatmail.com","143-6897-63"
"Ted","Tucker","t.tucker@randatmail.com","685-1764-26"
"Harold","Stewart","h.stewart@randatmail.com","049-9019-96"
"Carlos","Phillips","c.phillips@randatmail.com","877-9895-37"
"Mike","Payne","m.payne@randatmail.com","571-3365-41"
"Cadie","Dixon","c.dixon@randatmail.com","914-8035-80"
"Amanda","Brooks","a.brooks@randatmail.com","645-0969-15"
"Sawyer","Murphy","s.murphy@randatmail.com","520-1540-42"
"Lucas","Moore","l.moore@randatmail.com","841-2253-02"
"Derek","Wilson","d.wilson@randatmail.com","406-7068-34"
"Alan","Cameron","a.cameron@randatmail.com","662-8501-03"
"Vivian","Phillips","v.phillips@randatmail.com","294-5351-20"
"Marcus","Foster","m.foster@randatmail.com","557-5845-10"
"Valeria","Cameron","v.cameron@randatmail.com","518-4624-09"
"Arthur","Evans","a.evans@randatmail.com","436-3089-94"
"Alissa","Davis","a.davis@randatmail.com","239-1185-59"
"Fiona","Craig","f.craig@randatmail.com","336-2705-11"
"Eleanor","Farrell","e.farrell@randatmail.com","490-7001-95"
"Nicholas","Payne","n.payne@randatmail.com","716-7301-36"
"Carlos","Alexander","c.alexander@randatmail.com","422-0719-02"
"Savana","Cunningham","s.cunningham@randatmail.com","272-1034-31"
"Camila","Wright","c.wright@randatmail.com","808-3114-87"
"James","Barrett","j.barrett@randatmail.com","392-4214-39"
"Blake","Scott","b.scott@randatmail.com","855-5209-29"
"Bruce","Wright","b.wright@randatmail.com","888-9571-60"
"Martin","Spencer","m.spencer@randatmail.com","836-1967-71"
"Richard","Williams","r.williams@randatmail.com","430-5333-98"
"Reid","Watson","r.watson@randatmail.com","544-0240-68"
"Brooke","Sullivan","b.sullivan@randatmail.com","500-7400-42"
"Cherry","Stevens","c.stevens@randatmail.com","863-1628-49"
"Daniel","Miller","d.miller@randatmail.com","888-4358-59"
"Ted","Kelley","t.kelley@randatmail.com","208-2440-90"
"Dominik","Alexander","d.alexander@randatmail.com","085-6367-32"
"Frederick","Bailey","f.bailey@randatmail.com","481-4919-84"
"Anna","Brooks","a.brooks@randatmail.com","773-3805-80"
"Lucas","Murray","l.murray@randatmail.com","373-2171-00"
"Belinda","Perkins","b.perkins@randatmail.com","092-6472-53"
"Steven","Warren","s.warren@randatmail.com","082-1917-56"
"Roman","Kelly","r.kelly@randatmail.com","772-6922-30"
"Victoria","Morris","v.morris@randatmail.com","192-5556-46"
"Clark","Morris","c.morris@randatmail.com","684-4445-89"
"Ted","Anderson","t.anderson@randatmail.com","280-6531-14"
"Rubie","Hill","r.hill@randatmail.com","186-7387-78"
"Fenton","Bailey","f.bailey@randatmail.com","515-2201-27"
"Lucy","Parker","l.parker@randatmail.com","364-9931-65"
"William","Allen","w.allen@randatmail.com","171-3668-86"
"Kimberly","Tucker","k.tucker@randatmail.com","174-4596-51"
"Blake","Brooks","b.brooks@randatmail.com","710-5422-70"
"Antony","Barnes","a.barnes@randatmail.com","271-3147-40"
"Alina","Alexander","a.alexander@randatmail.com","572-5074-95"
"Adrianna","Henderson","a.henderson@randatmail.com","035-1920-40"
"Alisa","Payne","a.payne@randatmail.com","935-4721-05"
"John","Gray","j.gray@randatmail.com","078-6591-79"
"Miller","Sullivan","m.sullivan@randatmail.com","858-1744-01"
"Daryl","Moore","d.moore@randatmail.com","130-5390-00"
"Edward","Brooks","e.brooks@randatmail.com","783-7101-37"
"Eddy","Hill","e.hill@randatmail.com","653-8844-83"
"Garry","Russell","g.russell@randatmail.com","170-5952-37"
"Fenton","Morrison","f.morrison@randatmail.com","879-8667-69"
"Carlos","Holmes","c.holmes@randatmail.com","280-4388-19"
"Justin","Holmes","j.holmes@randatmail.com","237-4744-38"
"Arianna","Phillips","a.phillips@randatmail.com","639-4094-86"
"Jessica","Wright","j.wright@randatmail.com","693-4879-52"
"Paul","Harrison","p.harrison@randatmail.com","486-3466-69"
"Justin","Johnston","j.johnston@randatmail.com","500-4774-23"
"Joyce","Wright","j.wright@randatmail.com","507-2609-94"
"Preston","Campbell","p.campbell@randatmail.com","880-9143-82"
"Daisy","Martin","d.martin@randatmail.com","714-0849-42"
"Nicholas","Morgan","n.morgan@randatmail.com","089-9644-29"
"Tess","Smith","t.smith@randatmail.com","779-2452-72"
"Sophia","Ryan","s.ryan@randatmail.com","977-4828-20"
"Carina","Carroll","c.carroll@randatmail.com","367-1218-61"
"Edward","Owens","e.owens@randatmail.com","229-8154-10"
"Mary","Thompson","m.thompson@randatmail.com","750-3024-44"
"Roland","Grant","r.grant@randatmail.com","445-8029-92"
"Emma","Davis","e.davis@randatmail.com","680-3102-18"
"Elise","Foster","e.foster@randatmail.com","624-1911-10"
"Alexia","Foster","a.foster@randatmail.com","453-9052-18"
"William","Rogers","w.rogers@randatmail.com","878-9948-15"
"Abraham","Moore","a.moore@randatmail.com","169-7747-39"
"Charlotte","Higgins","c.higgins@randatmail.com","899-7523-87"
"Maximilian","Henderson","m.henderson@randatmail.com","103-1198-00"
"Penelope","Perkins","p.perkins@randatmail.com","717-3490-81"
"Albert","Johnson","a.johnson@randatmail.com","819-0993-11"
"Tara","Elliott","t.elliott@randatmail.com","267-5450-92"
"Lucy","Smith","l.smith@randatmail.com","193-2251-23"
"Rubie","Hamilton","r.hamilton@randatmail.com","380-8500-42"
"Tara","Sullivan","t.sullivan@randatmail.com","481-3039-32"
"Kimberly","Bennett","k.bennett@randatmail.com","667-1823-32"
"Ted","Douglas","t.douglas@randatmail.com","817-3518-09"
"Florrie","Alexander","f.alexander@randatmail.com","213-2513-84"
"Aida","Lloyd","a.lloyd@randatmail.com","092-3551-96"
"Miley","Ross","m.ross@randatmail.com","092-0728-31"
"John","Turner","j.turner@randatmail.com","908-8923-41"
"Jasmine","Mason","j.mason@randatmail.com","026-1601-96"
"Penelope","Gray","p.gray@randatmail.com","947-3537-18"
"Tyler","Williams","t.williams@randatmail.com","179-7340-03"
"Adrian","Ferguson","a.ferguson@randatmail.com","601-2154-34"
"Preston","Reed","p.reed@randatmail.com","929-8828-52"
"Dale","Williams","d.williams@randatmail.com","252-7007-87"
"Tony","Stevens","t.stevens@randatmail.com","349-9143-12"
"Antony","Harper","a.harper@randatmail.com","199-0064-48"
"Vanessa","Roberts","v.roberts@randatmail.com","168-0988-55"
"Charlotte","Tucker","c.tucker@randatmail.com","487-0070-44"
"Stella","Ellis","s.ellis@randatmail.com","905-0335-60"
"Sydney","Phillips","s.phillips@randatmail.com","868-9811-96"
"Rafael","Barnes","r.barnes@randatmail.com","056-1602-69"
"Frederick","Stevens","f.stevens@randatmail.com","094-7618-91"
"Henry","Walker","h.walker@randatmail.com","436-6912-79"
"Luke","Lloyd","l.lloyd@randatmail.com","961-9433-49"
"Heather","Payne","h.payne@randatmail.com","837-2927-40"
"Thomas","Johnson","t.johnson@randatmail.com","965-4919-41"
"Kimberly","Bailey","k.bailey@randatmail.com","448-6607-51"
"Jasmine","Carter","j.carter@randatmail.com","004-1482-52"
"Anna","Armstrong","a.armstrong@randatmail.com","452-0536-55"
"Paige","Morris","p.morris@randatmail.com","060-9221-53"
"Sydney","Ellis","s.ellis@randatmail.com","022-9787-69"
"Alford","Myers","a.myers@randatmail.com","718-0735-45"
"Charlie","Lloyd","c.lloyd@randatmail.com","630-5104-14"
"Michael","Richards","m.richards@randatmail.com","424-4719-09"
"Elise","Mitchell","e.mitchell@randatmail.com","919-3098-38"
"William","Morgan","w.morgan@randatmail.com","329-2755-87"
"John","Parker","j.parker@randatmail.com","745-7242-53"
"Naomi","Cunningham","n.cunningham@randatmail.com","260-7287-68"
"Abraham","Anderson","a.anderson@randatmail.com","781-1813-74"
"Adam","Smith","a.smith@randatmail.com","337-2423-66"
"Blake","Thomas","b.thomas@randatmail.com","873-2652-64"
"Carl","Alexander","c.alexander@randatmail.com","570-9841-71"
"Harold","Taylor","h.taylor@randatmail.com","028-6145-22"
"Lydia","Henderson","l.henderson@randatmail.com","178-0393-69"
"Maria","Armstrong","m.armstrong@randatmail.com","271-9592-00"
"Derek","Harris","d.harris@randatmail.com","657-2885-28"
"Freddie","Reed","f.reed@randatmail.com","535-0338-00"
"Mike","Fowler","m.fowler@randatmail.com","074-2938-73"
"Miller","Spencer","m.spencer@randatmail.com","761-0756-91"
"Jack","Nelson","j.nelson@randatmail.com","501-4128-15"
"William","Tucker","w.tucker@randatmail.com","164-2865-42"
"Stuart","Wells","s.wells@randatmail.com","805-8568-40"
"Max","Brooks","m.brooks@randatmail.com","520-8858-02"
"Carlos","Perkins","c.perkins@randatmail.com","746-0646-06"
"Ellia","Smith","e.smith@randatmail.com","443-3365-02"
"Lyndon","Kelley","l.kelley@randatmail.com","450-9944-31"
"Brad","Mason","b.mason@randatmail.com","733-5302-34"
"Adelaide","Moore","a.moore@randatmail.com","740-6047-63"
"Lydia","Higgins","l.higgins@randatmail.com","476-3660-71"
"Adrianna","Hall","a.hall@randatmail.com","393-8679-12"
"Adele","Hall","a.hall@randatmail.com","552-0324-41"
"Amy","Harris","a.harris@randatmail.com","977-8383-27"
"Wilson","Fowler","w.fowler@randatmail.com","385-3591-15"
"Hailey","Cooper","h.cooper@randatmail.com","409-1052-22"
"Reid","Henderson","r.henderson@randatmail.com","471-5487-55"
"David","Ferguson","d.ferguson@randatmail.com","493-9994-55"
"Amy","Evans","a.evans@randatmail.com","804-7329-08"
"Adrianna","Barrett","a.barrett@randatmail.com","148-4733-68"
"Briony","Stewart","b.stewart@randatmail.com","786-9494-05"
"Henry","Craig","h.craig@randatmail.com","500-3426-92"
"Victoria","Campbell","v.campbell@randatmail.com","627-8950-95"
"Jordan","Wells","j.wells@randatmail.com","040-8721-79"
"James","Holmes","j.holmes@randatmail.com","310-2578-15"
"Dexter","Ellis","d.ellis@randatmail.com","466-6670-25"
"Emily","Ryan","e.ryan@randatmail.com","687-1388-80"
"Nicole","Thompson","n.thompson@randatmail.com","244-6325-80"
"Julia","Fowler","j.fowler@randatmail.com","796-4368-53"
"Frederick","Adams","f.adams@randatmail.com","878-5854-01"
"Tiana","Rogers","t.rogers@randatmail.com","565-3722-96"
"Clark","Ellis","c.ellis@randatmail.com","617-8730-30"
"James","Harper","j.harper@randatmail.com","538-5005-19"
"Elise","Campbell","e.campbell@randatmail.com","491-5412-06"
"Adele","Wells","a.wells@randatmail.com","283-8522-32"
"Marcus","Moore","m.moore@randatmail.com","434-3192-99"
"Jessica","Richardson","j.richardson@randatmail.com","690-0067-13"
"Daryl","Dixon","d.dixon@randatmail.com","494-2515-76"
"Sawyer","Dixon","s.dixon@randatmail.com","299-0480-20"
"Daisy","Ellis","d.ellis@randatmail.com","836-9265-78"
"Abraham","Scott","a.scott@randatmail.com","847-4917-16"
"Amanda","Moore","a.moore@randatmail.com","807-1097-03"
"William","Phillips","w.phillips@randatmail.com","109-6484-53"
"Tara","Johnson","t.johnson@randatmail.com","307-1404-07"
"Justin","Moore","j.moore@randatmail.com","377-4239-92"
"Nicole","Fowler","n.fowler@randatmail.com","705-8580-24"
"Adison","West","a.west@randatmail.com","699-5482-25"
"Natalie","Crawford","n.crawford@randatmail.com","833-0432-50"
"Walter","Fowler","w.fowler@randatmail.com","599-3424-55"
"Miller","Hill","m.hill@randatmail.com","802-1788-48"
"Jack","Lloyd","j.lloyd@randatmail.com","591-0259-97"
"Rosie","Watson","r.watson@randatmail.com","751-8330-08"
"Sophia","Morrison","s.morrison@randatmail.com","785-9428-72"
"Dale","Douglas","d.douglas@randatmail.com","320-2504-87"
"Hailey","Cunningham","h.cunningham@randatmail.com","395-6278-29"
"Tyler","Dixon","t.dixon@randatmail.com","323-3330-15"
"Leonardo","Robinson","l.robinson@randatmail.com","570-0330-70"
"Kirsten","Barnes","k.barnes@randatmail.com","824-8666-74"
"Carina","Carter","c.carter@randatmail.com","329-4664-08"
"Caroline","Alexander","c.alexander@randatmail.com","883-2691-26"
"Paige","Wells","p.wells@randatmail.com","363-8604-29"
"Nicole","Miller","n.miller@randatmail.com","334-6124-12"
"Charlotte","Edwards","c.edwards@randatmail.com","416-3981-06"
"Aiden","Holmes","a.holmes@randatmail.com","146-7182-31"
"Maximilian","Bailey","m.bailey@randatmail.com","016-1138-94"
"Audrey","Warren","a.warren@randatmail.com","310-4372-27"
"Daniel","Morris","d.morris@randatmail.com","463-0076-31"
"Roman","Crawford","r.crawford@randatmail.com","163-8318-17"
"Luke","Wright","l.wright@randatmail.com","907-1613-64"
"Frederick","Ross","f.ross@randatmail.com","994-0444-91"
"April","Dixon","a.dixon@randatmail.com","259-4075-77"
"Connie","Barrett","c.barrett@randatmail.com","550-7423-38"
"Florrie","Mason","f.mason@randatmail.com","674-1586-78"
"Marcus","Higgins","m.higgins@randatmail.com","741-3049-50"
"Alexia","Elliott","a.elliott@randatmail.com","059-3215-61"
"Kellan","Mason","k.mason@randatmail.com","004-6324-05"
"Elian","Miller","e.miller@randatmail.com","282-0957-06"
"Victor","Howard","v.howard@randatmail.com","594-2597-89"
"Kelvin","Richardson","k.richardson@randatmail.com","772-1675-05"
"Tara","Armstrong","t.armstrong@randatmail.com","416-1616-09"
"Aston","Kelly","a.kelly@randatmail.com","719-2958-26"
"Camila","Wilson","c.wilson@randatmail.com","054-7817-48"
"Luke","Cunningham","l.cunningham@randatmail.com","333-5064-93"
"Robert","Smith","r.smith@randatmail.com","018-5599-78"
"Caroline","Robinson","c.robinson@randatmail.com","290-2781-50"
"Ted","Jones","t.jones@randatmail.com","108-0790-83"
"Mike","Cameron","m.cameron@randatmail.com","620-8763-09"
"Dainton","Owens","d.owens@randatmail.com","469-7586-92"
"Mike","Carter","m.carter@randatmail.com","486-2119-02"
"Julia","Mitchell","j.mitchell@randatmail.com","594-4100-97"
"Ted","Roberts","t.roberts@randatmail.com","961-1291-27"
"Hailey","Wright","h.wright@randatmail.com","223-1839-05"
"Catherine","Perkins","c.perkins@randatmail.com","708-5172-56"
"Chloe","Cole","c.cole@randatmail.com","642-5355-12"
"Carina","Evans","c.evans@randatmail.com","427-8263-39"
"Annabella","Ryan","a.ryan@randatmail.com","935-9344-47"
"Cherry","Stevens","c.stevens@randatmail.com","765-5554-35"
"Amy","Higgins","a.higgins@randatmail.com","857-0252-11"
"Chester","Hamilton","c.hamilton@randatmail.com","783-5117-32"
"Tiana","Wilson","t.wilson@randatmail.com","805-1066-73"
"Derek","Thomas","d.thomas@randatmail.com","782-0683-86"
"April","Murray","a.murray@randatmail.com","055-2917-04"
"Ryan","Ellis","r.ellis@randatmail.com","109-9998-56"
"Naomi","Harris","n.harris@randatmail.com","671-6420-10"
"Vivian","Grant","v.grant@randatmail.com","792-0693-92"
"Tony","Mitchell","t.mitchell@randatmail.com","191-0051-86"
"Patrick","Phillips","p.phillips@randatmail.com","669-7709-41"
"Adele","Montgomery","a.montgomery@randatmail.com","024-6281-44"
"Jack","Williams","j.williams@randatmail.com","137-4116-95"
"Grace","Barnes","g.barnes@randatmail.com","462-2170-06"
"Darcy","Ryan","d.ryan@randatmail.com","198-9994-12"
"Daisy","Robinson","d.robinson@randatmail.com","062-0547-42"
"Ned","Perry","n.perry@randatmail.com","111-1647-42"
"Marcus","Murray","m.murray@randatmail.com","676-8358-06"
"Violet","Casey","v.casey@randatmail.com","777-6279-13"
"Aldus","Walker","a.walker@randatmail.com","705-8193-13"
"Andrew","Perkins","a.perkins@randatmail.com","567-4891-90"
"Martin","Gray","m.gray@randatmail.com","984-5135-53"
"Carina","Clark","c.clark@randatmail.com","427-6512-94"
"Brad","Gibson","b.gibson@randatmail.com","382-1142-16"
"Leonardo","Morrison","l.morrison@randatmail.com","443-3124-16"
"Charlie","Richards","c.richards@randatmail.com","573-3751-21"
"Lucas","Perry","l.perry@randatmail.com","994-4861-38"
"Lyndon","Clark","l.clark@randatmail.com","415-1628-22"
"Adison","West","a.west@randatmail.com","478-9407-84"
"Arnold","Johnston","a.johnston@randatmail.com","611-6461-66"
"Jared","Hawkins","j.hawkins@randatmail.com","749-2136-15"
"Evelyn","Adams","e.adams@randatmail.com","657-1986-67"
"Alexia","Johnson","a.johnson@randatmail.com","194-6264-32"
"Rubie","Farrell","r.farrell@randatmail.com","143-0088-43"
"April","Campbell","a.campbell@randatmail.com","309-4524-74"
"Anna","Baker","a.baker@randatmail.com","474-0256-12"
"Cherry","Cole","c.cole@randatmail.com","693-0201-60"
"Ryan","Mason","r.mason@randatmail.com","078-4357-77"
"Roman","Chapman","r.chapman@randatmail.com","298-9145-71"
"Nicholas","Higgins","n.higgins@randatmail.com","147-5259-35"
"Kevin","Casey","k.casey@randatmail.com","814-2751-57"
"Penelope","Alexander","p.alexander@randatmail.com","971-9330-77"
"Arthur","Adams","a.adams@randatmail.com","641-1279-39"
"Sofia","Grant","s.grant@randatmail.com","963-2713-40"
"Brianna","Adams","b.adams@randatmail.com","399-5803-85"
"William","Smith","w.smith@randatmail.com","147-0544-88"
"Jack","Hunt","j.hunt@randatmail.com","271-7483-90"
"Valeria","Mason","v.mason@randatmail.com","880-8268-34"
"Aldus","Taylor","a.taylor@randatmail.com","653-1257-25"
"Agata","Hill","a.hill@randatmail.com","366-2728-78"
"Patrick","Ryan","p.ryan@randatmail.com","725-0876-05"
"Adrian","Clark","a.clark@randatmail.com","298-0593-98"
"Kelsey","Hamilton","k.hamilton@randatmail.com","070-7012-11"
"Jared","Harris","j.harris@randatmail.com","468-6647-38"
"Belinda","Bennett","b.bennett@randatmail.com","875-0640-96"
"Alexander","Perkins","a.perkins@randatmail.com","734-2117-02"
"Madaline","Edwards","m.edwards@randatmail.com","619-4828-77"
"Spike","Wells","s.wells@randatmail.com","524-3635-59"
"Dexter","Rogers","d.rogers@randatmail.com","864-0168-72"
"Anna","Myers","a.myers@randatmail.com","120-3832-99"
"Thomas","Craig","t.craig@randatmail.com","901-1091-08"
"Hailey","Chapman","h.chapman@randatmail.com","957-4079-14"
"Chloe","Dixon","c.dixon@randatmail.com","947-4782-84"
"Arthur","Moore","a.moore@randatmail.com","064-9466-51"
"Lily","Hall","l.hall@randatmail.com","453-8218-57"
"Haris","Chapman","h.chapman@randatmail.com","422-5562-78"
"Alberta","Clark","a.clark@randatmail.com","445-1755-26"
"Hailey","Lloyd","h.lloyd@randatmail.com","217-6998-63"
"Sabrina","Hunt","s.hunt@randatmail.com","816-5647-64"
"Vivian","Foster","v.foster@randatmail.com","540-6850-03"
"Lana","Douglas","l.douglas@randatmail.com","538-5864-14"
"Honey","Watson","h.watson@randatmail.com","623-5441-54"
"Alissa","Morrison","a.morrison@randatmail.com","767-4913-02"
"Jordan","Anderson","j.anderson@randatmail.com","612-5558-97"
"Haris","Lloyd","h.lloyd@randatmail.com","123-0090-79"
"Maya","Wright","m.wright@randatmail.com","697-4312-35"
"Darcy","Higgins","d.higgins@randatmail.com","483-8768-52"
"Adrian","Cooper","a.cooper@randatmail.com","752-0944-22"
"Victor","Martin","v.martin@randatmail.com","385-9106-79"
"Chester","Casey","c.casey@randatmail.com","034-4513-47"
"Aida","Walker","a.walker@randatmail.com","067-9894-06"
"James","Casey","j.casey@randatmail.com","208-6124-60"
"Maddie","Thompson","m.thompson@randatmail.com","758-3797-09"
"Leonardo","Perkins","l.perkins@randatmail.com","786-9926-65"
"Honey","Barrett","h.barrett@randatmail.com","760-1159-66"
"Amber","Martin","a.martin@randatmail.com","557-8136-09"
"Wilson","Holmes","w.holmes@randatmail.com","910-2975-97"
"Julia","Andrews","j.andrews@randatmail.com","438-0503-06"
"Amber","Grant","a.grant@randatmail.com","666-4356-97"
"Catherine","Armstrong","c.armstrong@randatmail.com","459-4703-42"
"Amanda","Ellis","a.ellis@randatmail.com","936-5375-41"
"Grace","Craig","g.craig@randatmail.com","001-7464-03"
"Melanie","Murphy","m.murphy@randatmail.com","609-5050-41"
"Connie","Taylor","c.taylor@randatmail.com","709-2914-40"
"James","Carroll","j.carroll@randatmail.com","364-0523-51"
"Spike","Farrell","s.farrell@randatmail.com","029-6097-33"
"Vanessa","Brown","v.brown@randatmail.com","125-5197-63"
"Miller","Crawford","m.crawford@randatmail.com","098-9580-68"
"Jenna","Tucker","j.tucker@randatmail.com","165-6242-11"
"Aston","Mitchell","a.mitchell@randatmail.com","143-0833-58"
"Savana","Harper","s.harper@randatmail.com","572-0202-12"
"William","Douglas","w.douglas@randatmail.com","990-0214-87"
"Miller","Elliott","m.elliott@randatmail.com","021-6309-37"
"Ryan","Williams","r.williams@randatmail.com","432-3403-66"
"Miley","Robinson","m.robinson@randatmail.com","836-7053-71"
"Fenton","Perkins","f.perkins@randatmail.com","355-7349-32"
"Sawyer","Payne","s.payne@randatmail.com","688-8603-84"
"Michelle","Riley","m.riley@randatmail.com","319-9584-80"
"Jenna","Davis","j.davis@randatmail.com","000-1237-43"
"Alford","Casey","a.casey@randatmail.com","116-2667-51"
"Arnold","Cooper","a.cooper@randatmail.com","703-8390-53"
"Elian","Clark","e.clark@randatmail.com","828-8299-55"
"Richard","Thomas","r.thomas@randatmail.com","699-8518-18"
"Alisa","Grant","a.grant@randatmail.com","075-2845-52"
"Ellia","Hill","e.hill@randatmail.com","742-1207-23"
"Savana","Robinson","s.robinson@randatmail.com","462-4763-96"
"Richard","Perkins","r.perkins@randatmail.com","791-1650-82"
"Nicholas","Craig","n.craig@randatmail.com","641-4843-78"
"Antony","Barrett","a.barrett@randatmail.com","448-4846-91"
"Michael","Henderson","m.henderson@randatmail.com","879-6015-17"
"Lily","Campbell","l.campbell@randatmail.com","394-3053-01"
"Mary","Baker","m.baker@randatmail.com","929-1336-84"
"Stella","Howard","s.howard@randatmail.com","486-8328-69"
"Lana","Taylor","l.taylor@randatmail.com","674-9080-98"
"Kevin","Anderson","k.anderson@randatmail.com","201-6506-10"
"Kirsten","Phillips","k.phillips@randatmail.com","435-1129-57"
"Victoria","Harris","v.harris@randatmail.com","403-9047-74"
"Adison","Baker","a.baker@randatmail.com","231-5458-22"
"Amelia","Elliott","a.elliott@randatmail.com","018-9942-71"
"Belinda","Armstrong","b.armstrong@randatmail.com","929-8741-31"
"Naomi","Barnes","n.barnes@randatmail.com","107-2690-62"
"Sofia","Morrison","s.morrison@randatmail.com","123-1990-75"
"Alan","Hunt","a.hunt@randatmail.com","970-6855-58"
"Aida","Cole","a.cole@randatmail.com","668-3596-49"
"Dainton","Baker","d.baker@randatmail.com","651-5616-14"
"Henry","Murphy","h.murphy@randatmail.com","754-9968-25"
"Sophia","Johnson","s.johnson@randatmail.com","334-4003-16"
"Haris","Cole","h.cole@randatmail.com","079-6323-70"
"Vincent","Montgomery","v.montgomery@randatmail.com","309-6512-70"
"Aston","Perkins","a.perkins@randatmail.com","023-5810-57"
"Elian","Nelson","e.nelson@randatmail.com","338-6882-84"
"Sabrina","Farrell","s.farrell@randatmail.com","959-8119-04"
"James","Alexander","j.alexander@randatmail.com","714-7821-73"
"Roman","Perkins","r.perkins@randatmail.com","302-4505-09"
"Ashton","Allen","a.allen@randatmail.com","797-1017-65"
"Brianna","Morris","b.morris@randatmail.com","943-8566-65"
"Oliver","Wilson","o.wilson@randatmail.com","203-1913-05"
"Oliver","Harris","o.harris@randatmail.com","367-2711-68"
"Frederick","Morgan","f.morgan@randatmail.com","077-5803-33"
"Edward","Moore","e.moore@randatmail.com","781-6035-91"
"Jacob","Carroll","j.carroll@randatmail.com","359-9424-60"
"Olivia","Turner","o.turner@randatmail.com","207-9023-41"
"Chester","Owens","c.owens@randatmail.com","253-6168-19"
"Jared","Mason","j.mason@randatmail.com","985-9188-64"
"Abigail","Stewart","a.stewart@randatmail.com","076-7165-74"
"Madaline","Morrison","m.morrison@randatmail.com","730-6605-60"
"Eric","Williams","e.williams@randatmail.com","380-8637-79"
"Darcy","Montgomery","d.montgomery@randatmail.com","430-2310-06"
"Alexia","Wright","a.wright@randatmail.com","113-3082-64"
"William","Kelly","w.kelly@randatmail.com","447-0896-25"
"Maddie","Richards","m.richards@randatmail.com","362-4493-19"
"Elise","Warren","e.warren@randatmail.com","965-6565-09"
"Sydney","Rogers","s.rogers@randatmail.com","380-9100-71"
"Amanda","Martin","a.martin@randatmail.com","577-8954-63"
"Edith","Davis","e.davis@randatmail.com","225-9723-34"
"Freddie","Martin","f.martin@randatmail.com","974-7024-01"
"Oscar","Douglas","o.douglas@randatmail.com","580-0826-87"
"Antony","Farrell","a.farrell@randatmail.com","378-5131-10"
"Anna","Spencer","a.spencer@randatmail.com","446-6262-41"
"Rafael","Jones","r.jones@randatmail.com","095-0733-50"
"Miley","Phillips","m.phillips@randatmail.com","348-4353-95"
"Freddie","Henderson","f.henderson@randatmail.com","543-4005-60"
"Clark","Stevens","c.stevens@randatmail.com","640-7807-51"
"Emily","Hawkins","e.hawkins@randatmail.com","354-3582-41"
"Owen","Cameron","o.cameron@randatmail.com","987-5834-38"
"Chloe","Carter","c.carter@randatmail.com","337-5582-08"
"Belinda","Farrell","b.farrell@randatmail.com","347-1390-17"
"Miley","Ryan","m.ryan@randatmail.com","221-5174-68"
"Madaline","Foster","m.foster@randatmail.com","326-9644-31"
"Reid","Holmes","r.holmes@randatmail.com","739-0603-38"
"Rafael","Wells","r.wells@randatmail.com","242-4088-81"
"Andrew","Brooks","a.brooks@randatmail.com","194-9521-22"
"Tony","Crawford","t.crawford@randatmail.com","803-5928-00"
"Garry","Stewart","g.stewart@randatmail.com","322-9476-35"
"Olivia","Harper","o.harper@randatmail.com","194-7965-89"
"Frederick","Smith","f.smith@randatmail.com","659-7640-06"
"Frederick","Armstrong","f.armstrong@randatmail.com","189-3916-39"
"Kelsey","Elliott","k.elliott@randatmail.com","279-1890-78"
"Patrick","Roberts","p.roberts@randatmail.com","088-4154-33"
"Dominik","Taylor","d.taylor@randatmail.com","788-9529-98"
"Julian","Montgomery","j.montgomery@randatmail.com","444-0792-71"
"Jared","Williams","j.williams@randatmail.com","789-2360-89"
"Max","Morrison","m.morrison@randatmail.com","703-4341-00"
"Brooke","Higgins","b.higgins@randatmail.com","072-0057-86"
"Victoria","West","v.west@randatmail.com","967-2001-65"
"Rafael","Mason","r.mason@randatmail.com","863-8592-42"
"Deanna","Watson","d.watson@randatmail.com","928-0491-81"
"Marcus","Evans","m.evans@randatmail.com","325-3287-00"
"Edward","Stewart","e.stewart@randatmail.com","115-4167-41"
"Lydia","Anderson","l.anderson@randatmail.com","447-2049-37"
"Abraham","Martin","a.martin@randatmail.com","430-6493-45"
"Kevin","Owens","k.owens@randatmail.com","143-4393-68"
"Miranda","Perry","m.perry@randatmail.com","033-1430-12"
"Sofia","Lloyd","s.lloyd@randatmail.com","038-2159-12"
"Tess","Stevens","t.stevens@randatmail.com","900-1838-32"
"Jared","Ross","j.ross@randatmail.com","558-0470-18"
"Roman","Anderson","r.anderson@randatmail.com","981-9757-23"
"Isabella","Edwards","i.edwards@randatmail.com","795-3016-56"
"Reid","Cunningham","r.cunningham@randatmail.com","798-4173-98"
"Roman","Harris","r.harris@randatmail.com","216-8646-18"
"Lucas","Casey","l.casey@randatmail.com","588-2953-83"
"Amanda","Thomas","a.thomas@randatmail.com","039-4385-27"
"Patrick","Richards","p.richards@randatmail.com","726-4720-41"
"Stella","Johnston","s.johnston@randatmail.com","847-5103-63"
"Abigail","Spencer","a.spencer@randatmail.com","973-4104-81"
"Paige","Armstrong","p.armstrong@randatmail.com","300-9689-86"
"Leonardo","Barrett","l.barrett@randatmail.com","486-9499-84"
"Jasmine","Martin","j.martin@randatmail.com","722-7451-14"
"Sofia","Hill","s.hill@randatmail.com","286-5434-55"
"Abraham","Moore","a.moore@randatmail.com","267-7603-42"
"Amber","Walker","a.walker@randatmail.com","453-3489-71"
"Nicholas","Parker","n.parker@randatmail.com","288-3882-15"
"Maria","Johnston","m.johnston@randatmail.com","562-1143-62"
"Sophia","Phillips","s.phillips@randatmail.com","980-9613-14"
"David","Murray","d.murray@randatmail.com","614-9352-55"
"Edward","Russell","e.russell@randatmail.com","431-2360-51"
"Sam","Riley","s.riley@randatmail.com","295-7229-46"
"Clark","Chapman","c.chapman@randatmail.com","136-4453-21"
"Florrie","Hawkins","f.hawkins@randatmail.com","278-7317-75"
"Nicholas","Reed","n.reed@randatmail.com","837-9990-51"
"Rebecca","Walker","r.walker@randatmail.com","261-4522-86"
"Ellia","Morgan","e.morgan@randatmail.com","980-7405-25"
"Charlie","Murray","c.murray@randatmail.com","138-3035-37"
"Audrey","Stevens","a.stevens@randatmail.com","768-2840-33"
"Victoria","Warren","v.warren@randatmail.com","908-8980-26"
"Eleanor","Walker","e.walker@randatmail.com","459-3295-50"
"Edward","Hawkins","e.hawkins@randatmail.com","979-6255-22"
"Miller","Morrison","m.morrison@randatmail.com","448-7617-67"
"Kate","Cunningham","k.cunningham@randatmail.com","663-0398-40"
"Ryan","Richardson","r.richardson@randatmail.com","421-8772-40"
"Cherry","Craig","c.craig@randatmail.com","940-1386-85"
"Eleanor","Roberts","e.roberts@randatmail.com","808-1194-59"
"Eddy","Evans","e.evans@randatmail.com","063-2581-89"
"Jessica","Hill","j.hill@randatmail.com","433-0267-18"
"Anna","Baker","a.baker@randatmail.com","765-9356-08"
"Sawyer","Mitchell","s.mitchell@randatmail.com","031-3951-40"
"Nicholas","Clark","n.clark@randatmail.com","534-3744-03"
"Kimberly","Walker","k.walker@randatmail.com","760-8233-79"
"Frederick","Wells","f.wells@randatmail.com","431-4869-83"
"Rebecca","Armstrong","r.armstrong@randatmail.com","834-9088-71"
"Brianna","Brooks","b.brooks@randatmail.com","235-8493-85"
"Vincent","Gibson","v.gibson@randatmail.com","090-6573-97"
"Adelaide","Spencer","a.spencer@randatmail.com","684-7211-23"
"Edgar","Warren","e.warren@randatmail.com","582-1549-25"
"Lilianna","Anderson","l.anderson@randatmail.com","765-9201-19"
"Fenton","Moore","f.moore@randatmail.com","845-9520-58"
"Tess","Mitchell","t.mitchell@randatmail.com","255-4866-96"
"Tyler","Richards","t.richards@randatmail.com","290-2469-78"
"Alford","Cole","a.cole@randatmail.com","087-6781-27"
"Kevin","Barnes","k.barnes@randatmail.com","924-5121-18"
"Alissa","Crawford","a.crawford@randatmail.com","639-7480-03"
"Daniel","Warren","d.warren@randatmail.com","492-8380-68"
"Adison","Clark","a.clark@randatmail.com","464-5227-40"
"Ada","Henderson","a.henderson@randatmail.com","695-1057-56"
"Arianna","Higgins","a.higgins@randatmail.com","952-8709-48"
"Mary","Taylor","m.taylor@randatmail.com","145-7165-43"
"Tess","Chapman","t.chapman@randatmail.com","733-9719-92"
"Tyler","Crawford","t.crawford@randatmail.com","696-2627-17"
"Ted","Ryan","t.ryan@randatmail.com","481-3507-84"
"Maddie","Kelley","m.kelley@randatmail.com","754-2757-36"
"Victoria","Murray","v.murray@randatmail.com","936-9149-10"
"Adam","Higgins","a.higgins@randatmail.com","967-4072-94"
"Natalie","Sullivan","n.sullivan@randatmail.com","655-8718-46"
"Rafael","Allen","r.allen@randatmail.com","065-5670-57"
"Arianna","Montgomery","a.montgomery@randatmail.com","630-5196-44"
"Caroline","Harper","c.harper@randatmail.com","114-6650-16"
"Vivian","Craig","v.craig@randatmail.com","551-3986-13"
"William","Roberts","w.roberts@randatmail.com","475-0947-39"
"Aida","Ross","a.ross@randatmail.com","645-5766-74"
"Adam","Moore","a.moore@randatmail.com","493-3314-02"
"Brooke","Richardson","b.richardson@randatmail.com","854-2678-93"
"Arnold","Martin","a.martin@randatmail.com","963-2353-34"
"Aston","Warren","a.warren@randatmail.com","910-8913-21"
"Agata","Warren","a.warren@randatmail.com","379-9568-78"
"Jack","Ferguson","j.ferguson@randatmail.com","955-5868-30"
"Alfred","Johnston","a.johnston@randatmail.com","401-7016-96"
"Roman","Roberts","r.roberts@randatmail.com","564-2531-36"
"Sarah","Owens","s.owens@randatmail.com","699-7282-46"
"James","Gray","j.gray@randatmail.com","096-3736-03"
"Rosie","Hamilton","r.hamilton@randatmail.com","845-8676-37"
"Chloe","Nelson","c.nelson@randatmail.com","869-7223-63"
"Victor","Hill","v.hill@randatmail.com","808-6858-87"
"Paige","Payne","p.payne@randatmail.com","154-5961-76"
"Garry","Bennett","g.bennett@randatmail.com","372-9760-72"
"Joyce","Barnes","j.barnes@randatmail.com","157-9312-30"
"Leonardo","Alexander","l.alexander@randatmail.com","462-3329-01"
"Preston","Stewart","p.stewart@randatmail.com","432-8973-26"
"Vivian","Morris","v.morris@randatmail.com","801-5965-99"
"Alexia","Moore","a.moore@randatmail.com","264-6933-36"
"Connie","Thompson","c.thompson@randatmail.com","304-5385-23"
"Maximilian","Watson","m.watson@randatmail.com","675-4077-95"
"Roman","Nelson","r.nelson@randatmail.com","315-2160-64"
"Tara","Richards","t.richards@randatmail.com","189-3705-23"
"Arianna","Campbell","a.campbell@randatmail.com","955-7432-21"
"Owen","Hawkins","o.hawkins@randatmail.com","678-9011-14"
"William","Campbell","w.campbell@randatmail.com","988-3639-47"
"Tony","Cameron","t.cameron@randatmail.com","999-7966-37"
"Albert","Robinson","a.robinson@randatmail.com","263-5979-97"
"Frederick","Mason","f.mason@randatmail.com","256-8625-66"
"Kelvin","Ferguson","k.ferguson@randatmail.com","622-1669-20"
"Walter","Morgan","w.morgan@randatmail.com","856-8428-61"
"Dominik","Moore","d.moore@randatmail.com","813-1579-82"
"Catherine","Warren","c.warren@randatmail.com","455-3477-19"
"Charlie","Jones","c.jones@randatmail.com","693-3035-94"
"Amy","Smith","a.smith@randatmail.com","907-9821-84"
"David","Higgins","d.higgins@randatmail.com","053-9703-20"
"Sawyer","Douglas","s.douglas@randatmail.com","531-9698-00"
"Myra","Barnes","m.barnes@randatmail.com","907-2338-60"
"Kelvin","Murray","k.murray@randatmail.com","880-4905-46"
"Miller","Barnes","m.barnes@randatmail.com","545-1134-63"
"Sienna","Brown","s.brown@randatmail.com","750-9704-47"
"Wilson","Wilson","w.wilson@randatmail.com","362-7836-63"
"Mike","Gibson","m.gibson@randatmail.com","190-2390-97"
"Sabrina","Adams","s.adams@randatmail.com","388-9326-28"
"Anna","Mason","a.mason@randatmail.com","330-8405-26"
"Catherine","Wilson","c.wilson@randatmail.com","173-8939-23"
"Lucia","Payne","l.payne@randatmail.com","380-4258-20"
"Alberta","Bailey","a.bailey@randatmail.com","383-3335-43"
"Amanda","Thompson","a.thompson@randatmail.com","985-2136-92"
"Frederick","Bailey","f.bailey@randatmail.com","449-7594-04"
"Martin","Elliott","m.elliott@randatmail.com","080-5095-01"
"Richard","Armstrong","r.armstrong@randatmail.com","554-8716-79"
"Connie","Richardson","c.richardson@randatmail.com","186-0617-03"
"Frederick","Edwards","f.edwards@randatmail.com","165-4503-96"
"Carlos","Gray","c.gray@randatmail.com","448-7807-80"
"Maximilian","Barrett","m.barrett@randatmail.com","714-9540-70"
"Lucas","Clark","l.clark@randatmail.com","949-3342-12"
"Martin","Perry","m.perry@randatmail.com","155-7179-46"
"Stella","Hamilton","s.hamilton@randatmail.com","594-7032-67"
"Lucas","Perry","l.perry@randatmail.com","524-1525-43"
"Lydia","Kelly","l.kelly@randatmail.com","567-2329-94"
"Lucas","Johnston","l.johnston@randatmail.com","581-7872-81"
"Brad","Clark","b.clark@randatmail.com","379-9734-87"
"Belinda","Martin","b.martin@randatmail.com","415-1392-32"
"Myra","Phillips","m.phillips@randatmail.com","384-5881-11"
"Natalie","Davis","n.davis@randatmail.com","194-3024-06"
"Adison","Moore","a.moore@randatmail.com","898-2523-39"
"Andrew","Elliott","a.elliott@randatmail.com","027-4077-11"
"Frederick","Thomas","f.thomas@randatmail.com","491-0024-82"
"Kimberly","Barnes","k.barnes@randatmail.com","167-5271-97"
"Penelope","Elliott","p.elliott@randatmail.com","604-0951-20"
"Jenna","Harris","j.harris@randatmail.com","550-6768-99"
"Dale","Kelley","d.kelley@randatmail.com","367-0560-96"
"Marcus","Harper","m.harper@randatmail.com","247-4717-10"
"Grace","Martin","g.martin@randatmail.com","576-8566-69"
"Edgar","Henderson","e.henderson@randatmail.com","687-0512-99"
"Rubie","Bailey","r.bailey@randatmail.com","751-9495-24"
"Rubie","Elliott","r.elliott@randatmail.com","150-9774-65"
"Fiona","Sullivan","f.sullivan@randatmail.com","267-4685-65"
"Daryl","Armstrong","d.armstrong@randatmail.com","087-6365-18"
"Ted","Foster","t.foster@randatmail.com","059-2408-28"
"Maya","Richards","m.richards@randatmail.com","265-7910-95"
"Derek","Hunt","d.hunt@randatmail.com","258-1587-01"
"Alexia","Gibson","a.gibson@randatmail.com","224-4058-48"
"Naomi","Roberts","n.roberts@randatmail.com","329-9826-34"
"Sawyer","Baker","s.baker@randatmail.com","023-6698-39"
"Alissa","Parker","a.parker@randatmail.com","019-4215-34"
"Maximilian","Barnes","m.barnes@randatmail.com","268-5720-32"
"Julia","Perry","j.perry@randatmail.com","924-8392-78"
"Carlos","Rogers","c.rogers@randatmail.com","582-9264-42"
"Honey","Hall","h.hall@randatmail.com","768-9862-66"
"James","Williams","j.williams@randatmail.com","049-2516-45"
"Clark","Robinson","c.robinson@randatmail.com","007-5099-61"
"Daryl","Harper","d.harper@randatmail.com","021-7344-02"
"Miley","Murphy","m.murphy@randatmail.com","506-0644-00"
"Arthur","Evans","a.evans@randatmail.com","848-0880-67"
"Abraham","Adams","a.adams@randatmail.com","242-1078-09"
"Briony","Allen","b.allen@randatmail.com","585-3760-66"
"Elian","Bailey","e.bailey@randatmail.com","905-3003-50"
"Kirsten","Wells","k.wells@randatmail.com","694-8833-43"
"Evelyn","Hamilton","e.hamilton@randatmail.com","120-6519-42"
"Lenny","Cameron","l.cameron@randatmail.com","786-7015-67"
"Brooke","Parker","b.parker@randatmail.com","244-7087-18"
"Julia","Hall","j.hall@randatmail.com","860-7299-91"




